Name,Price,Link
abbyfrank 2.4Ghz 42km/h Truck RC S911 2WD Remote Control,US $71.49,"https://www.aliexpress.com/item/KF-S911-1-12-2WD-42km-h-RC-Car-High-Speed-Remote-Control-Off-Road-Dirt/32663305954.html?ws_ab_test=searchweb0_0,searchweb201602_2_10152_10151_10065_10344_10068_5722815_10342_10343_10340_5722915_10341_5722615_10696_10084_10083_10618_10307_5722715_10059_100031_10103_10624_10623_10622_5722515_10621_10620,searchweb201603_25,ppcSwitch_3&algo_expid=9baa15d5-a96a-4e84-a597-6b5f89bbda1f-0&algo_pvid=9baa15d5-a96a-4e84-a597-6b5f89bbda1f&priceBeautifyAB=0"
CHSKY Car RFID Lock Ignition Keyless Entry System Go Push Button Engine Start Stop,US $23.11,"https://www.aliexpress.com/item/CHSKY-Car-Engine-Push-Start-Button-RFID-Engine-Lock-Ignition-Keyless-Entry-System-Go-Push-Button/32822529525.html?ws_ab_test=searchweb0_0,searchweb201602_2_10152_10151_10065_10344_10068_5722815_10342_10343_10340_5722915_10341_5722615_10696_10084_10083_10618_10307_5722715_10059_100031_10103_10624_10623_10622_5722515_10621_10620,searchweb201603_25,ppcSwitch_3&algo_expid=9baa15d5-a96a-4e84-a597-6b5f89bbda1f-1&algo_pvid=9baa15d5-a96a-4e84-a597-6b5f89bbda1f&priceBeautifyAB=0"
CARSUN 6PCS/Pack 1PCS 4L Water Solid Wiper Fine Auto Window Cleaning Car Windshield,US $1.59,"https://www.aliexpress.com/item/6pcs-pack-Brand-New-Car-Solid-Wiper-Fine-Seminoma-Wiper-Car-Auto-Window-Cleaning-Car-Windshield/32472474839.html?ws_ab_test=searchweb0_0,searchweb201602_2_10152_10151_10065_10344_10068_5722815_10342_10343_10340_5722915_10341_5722615_10696_10084_10083_10618_10307_5722715_10059_100031_10103_10624_10623_10622_5722515_10621_10620-10620,searchweb201603_25,ppcSwitch_3&algo_expid=9baa15d5-a96a-4e84-a597-6b5f89bbda1f-2&algo_pvid=9baa15d5-a96a-4e84-a597-6b5f89bbda1f&priceBeautifyAB=0"
VODOOL Car Luminous LED Digital Auto Clock Thermometer Voltmeter for Vehicle Trunk,US $8.51,"https://www.aliexpress.com/item/LED-digital-car-clock-automobile-electronic-clock-12V-car-voltmeter-and-thermometer-clock-for-car/32597300918.html?ws_ab_test=searchweb0_0,searchweb201602_2_10152_10151_10065_10344_10068_5722815_10342_10343_10340_5722915_10341_5722615_10696_10084_10083_10618_10307_5722715_10059_100031_10103_10624_10623_10622_5722515_10621_10620,searchweb201603_25,ppcSwitch_3&algo_expid=9baa15d5-a96a-4e84-a597-6b5f89bbda1f-3&algo_pvid=9baa15d5-a96a-4e84-a597-6b5f89bbda1f&priceBeautifyAB=0"
DOXINGYE Car Curtain Window Gauze Shade Net Ultraviolet Prevent Mosquitoes Size,US $9.99,"https://www.aliexpress.com/item/DOXINGYE-Hot-Sale-Car-shade-Curtain-Window-Gauze-Shade-Net-Prevent-Ultraviolet-Prevent-Mosquitoes-Big-Size/32811718456.html?ws_ab_test=searchweb0_0,searchweb201602_2_10152_10151_10065_10344_10068_5722815_10342_10343_10340_5722915_10341_5722615_10696_10084_10083_10618_10307_5722715_10059_100031_10103_10624_10623_10622_5722515_10621_10620,searchweb201603_25,ppcSwitch_3&algo_expid=9baa15d5-a96a-4e84-a597-6b5f89bbda1f-4&algo_pvid=9baa15d5-a96a-4e84-a597-6b5f89bbda1f&priceBeautifyAB=0"
Loen 1PCS Car Sunshade Curtain Mesh Visor Shield Auto Retractable Sun Shade Side,US $7.62,"https://www.aliexpress.com/item/1PC-60CM-46CM-Car-Sun-Shade-Curtain-Mesh-Visor-Shield-Auto-Retractable-Side-Window-Solar-Protection/32804617795.html?ws_ab_test=searchweb0_0,searchweb201602_2_10152_10151_10065_10344_10068_5722815_10342_10343_10340_5722915_10341_5722615_10696_10084_10083_10618_10307_5722715_10059_100031_10103_10624_10623_10622_5722515_10621_10620,searchweb201603_25,ppcSwitch_3&algo_expid=9baa15d5-a96a-4e84-a597-6b5f89bbda1f-5&algo_pvid=9baa15d5-a96a-4e84-a597-6b5f89bbda1f&priceBeautifyAB=0"
Vehemo Unisex Portable Mobile Outdoor Camping Hiking Festival Funnel Device Car,US $3.29,"https://www.aliexpress.com/item/2017-Unisex-Portable-Mobile-Urinal-Funnel-Outdoor-Car-Handle-Urine-Bottle/32828319406.html?ws_ab_test=searchweb0_0,searchweb201602_2_10152_10151_10065_10344_10068_5722815_10342_10343_10340_5722915_10341_5722615_10696_10084_10083_10618_10307_5722715_10059_100031_10103_10624_10623_10622_5722515_10621_10620,searchweb201603_25,ppcSwitch_3&algo_expid=9baa15d5-a96a-4e84-a597-6b5f89bbda1f-6&algo_pvid=9baa15d5-a96a-4e84-a597-6b5f89bbda1f&priceBeautifyAB=0"
FIRSTPLUS 2 x 50S Aluminum Shrinkable Windowshade Curtain Car Side Window Sunshades,US $13.45,"https://www.aliexpress.com/item/2-x-2015-New-50S-20-x15-Aluminum-Shrinkable-Windowshade-Curtain-For-Auto-Car-Side-Windows/32308849872.html?ws_ab_test=searchweb0_0,searchweb201602_2_10152_10151_10065_10344_10068_5722815_10342_10343_10340_5722915_10341_5722615_10696_10084_10083_10618_10307_5722715_10059_100031_10103_10624_10623_10622_5722515_10621_10620,searchweb201603_25,ppcSwitch_3&algo_expid=9baa15d5-a96a-4e84-a597-6b5f89bbda1f-7&algo_pvid=9baa15d5-a96a-4e84-a597-6b5f89bbda1f&priceBeautifyAB=0"
FIRSTPLUS 2 x 50L Stretchable Aluminum Rail Car Side Sunshade Curtain Auto Window,US $14.68,"https://www.aliexpress.com/item/2-x-Update-50L-Aluminum-Alloy-Elastic-Auto-Car-Side-Window-Sunshade-Curtain-Black-Beige-Gray/32339200974.html?ws_ab_test=searchweb0_0,searchweb201602_2_10152_10151_10065_10344_10068_5722815_10342_10343_10340_5722915_10341_5722615_10696_10084_10083_10618_10307_5722715_10059_100031_10103_10624_10623_10622_5722515_10621_10620,searchweb201603_25,ppcSwitch_3&algo_expid=9baa15d5-a96a-4e84-a597-6b5f89bbda1f-8&algo_pvid=9baa15d5-a96a-4e84-a597-6b5f89bbda1f&priceBeautifyAB=0"
Vehemo 3 Meters Rhino Leather Skin Bumper Hood Paint Sticker Decal Protective Film,US $2.27,"https://www.aliexpress.com/item/3-Meters-Rhino-Leather-Skin-Car-Bumper-Hood-Paint-Protect-Sticker-Decal-Protective-Film-Vinyl-Clear/32826888133.html?ws_ab_test=searchweb0_0,searchweb201602_2_10152_10151_10065_10344_10068_5722815_10342_10343_10340_5722915_10341_5722615_10696_10084_10083_10618_10307_5722715_10059_100031_10103_10624_10623_10622_5722515_10621_10620,searchweb201603_25,ppcSwitch_3&algo_expid=9baa15d5-a96a-4e84-a597-6b5f89bbda1f-9&algo_pvid=9baa15d5-a96a-4e84-a597-6b5f89bbda1f&priceBeautifyAB=0"
